partner_name,general_recognition_score,general_recognition_reasoning,domain_authority_score,domain_authority_reasoning,career_impact_score,career_impact_reasoning,total_score,priority_tier
<UNKNOWN>,1,"No specific partner is identified in the certificate title ""IT Security Professional Certificate."" Without a clear partner brand associated with this certificate, there is no general recognition value from a partner perspective.",1,"Since no partner organization is specified in the certificate title, there is no domain authority to evaluate. The generic nature of the title suggests this may be a LinkedIn Learning-only certificate without industry partner validation.",5,"IT Security is a critical, high-demand skill area with excellent career prospects in North America. Cybersecurity professionals command high salaries, have strong job security, and the field is experiencing significant growth due to increasing cyber threats and digital transformation initiatives.",7,Tactical Partnership (Tier 3)
Adobe,5,"Adobe is a household name and universally recognized brand across creative industries, business, and general professional contexts. Their products like Photoshop, Illustrator, and Acrobat are ubiquitous in workplace environments, making Adobe one of the most recognizable software brands globally.",5,"Adobe is THE recognized leader in creative software and design tools, with decades of market dominance. They are the undisputed authority in creative technology, and their recent integration of generative AI features (Firefly, AI-powered tools in Creative Suite) positions them as the definitive expert in AI for creative applications.",5,"Generative AI skills for creatives represent a critical career-advancing competency in the current market. Creative professionals who don't adapt to AI tools risk obsolescence, while those who master AI-enhanced creative workflows become significantly more valuable and competitive in design, marketing, content creation, and digital media roles.",15,Strategic Priority (Tier 1)
Aha!,2,"Aha! is primarily known within product management and software development circles but has limited recognition among general business professionals. While they have a solid presence in the product management software space, they're not a household name like major tech brands and would likely be unfamiliar to professionals outside of product/tech roles.",4,"Aha! is highly respected within the product management domain as a leading product roadmapping and strategy software company. They've built significant credibility through their platform used by thousands of product teams, extensive thought leadership content, and the ""Aha! Framework"" methodology that many product managers reference and follow.",4,"Product management is a high-demand, well-compensated career track in North America with strong growth prospects across industries. Product managers typically earn $100K+ salaries and have clear advancement paths to senior PM, director, and VP roles, making this skill highly valuable for career development.",10,Strong Candidate (Tier 2)
American Negotiation Institute,2,"The American Negotiation Institute has limited recognition outside of specialized negotiation training circles. While they may have credibility within their niche, they lack the broad brand awareness that most professionals would immediately recognize compared to household names or major industry players.",3,"In the negotiation training space, ANI appears to have solid credentials and expertise, though they're not the universally recognized leader like Harvard Program on Negotiation or other top-tier institutions. They likely have legitimate domain knowledge and training methodologies but aren't the go-to authority that professionals immediately think of for negotiation skills.",4,"Negotiation skills are highly valuable across virtually all professional roles and industries, from sales and procurement to management and leadership positions. Strong negotiation abilities directly impact compensation discussions, deal-making, conflict resolution, and career advancement opportunities, making this a high-value transferable skill.",9,Tactical Partnership (Tier 3)
American Nurses Association,3,"The American Nurses Association is moderately recognized in professional contexts, particularly within healthcare settings. While not a household name like tech giants, it's well-known among healthcare professionals and has some recognition in business circles due to nursing's critical role in healthcare organizations.",5,"The ANA is THE recognized authority for nursing professionals in the United States, representing 4+ million registered nurses. As the premier professional organization for nurses, they are the definitive expert on nursing practice standards, education, and professional development including business skills for nurses.",4,"Business skills are increasingly critical for nurses seeking leadership roles, administrative positions, or entrepreneurial opportunities in healthcare. With nursing shortages and expanding scope of practice, nurses with business acumen can advance to management, executive, or consulting roles with significantly higher compensation potential.",12,Strong Candidate (Tier 2)
American Staffing Association,2,"The American Staffing Association is primarily known within HR and recruiting circles but has limited recognition among general business professionals. While it's the industry trade association for staffing, most professionals outside of talent acquisition wouldn't recognize the ASA brand.",4,"ASA is the definitive industry association for staffing and recruiting professionals in the US, setting standards and providing certification programs that are well-respected within the talent acquisition community. They have strong credibility specifically in corporate recruiting methodology and best practices.",4,"Corporate recruiting is a high-demand skill with strong career prospects, especially given tight labor markets and the strategic importance of talent acquisition. Recruiting professionals can command solid salaries and have clear advancement paths into senior HR leadership roles.",10,Strong Candidate (Tier 2)
Anaconda,2,"Anaconda is primarily known within data science and Python development circles but has limited recognition among general business professionals. While it's a standard tool for data scientists and analysts, most professionals outside of technical roles would not recognize the brand or understand its significance.",5,"Anaconda is THE recognized leader in Python data science distribution and package management. It's the de facto standard for data science environments, with most data scientists and Python practitioners using Anaconda or its components daily. Their platform is essential infrastructure for the Python data science ecosystem.",5,"Python for data science is a critical career-advancing skill with explosive job market demand and high salary potential. Data science roles consistently rank among the highest-paying jobs, and Python proficiency is essential for most data science, machine learning, and analytics positions in North America.",12,Strong Candidate (Tier 2)
Arista Networks,2,"Arista Networks is primarily known within IT networking circles and data center professionals, but lacks broad recognition among general business professionals. While they're a significant player in cloud networking and have strong enterprise customers, they don't have the household name status of companies like Cisco or Microsoft in the networking space.",4,"Arista Networks is highly respected in network automation and software-defined networking, particularly for data center and cloud networking solutions. They're recognized as innovators in network programmability and automation, competing directly with Cisco and often preferred by cloud-native organizations. Their EOS operating system and automation capabilities are well-regarded by network engineers.",4,"Network automation skills are increasingly valuable as organizations move toward infrastructure-as-code and DevOps practices. This skill set commands premium salaries in network engineering roles and opens opportunities in cloud infrastructure, DevOps, and site reliability engineering positions. The demand is growing as traditional networking evolves toward programmable, automated systems.",10,Strong Candidate (Tier 2)
Astronomer,2,"Astronomer is primarily known within data engineering and Apache Airflow communities but has limited recognition outside these technical circles. While they have a strong presence in the data orchestration space, they're not a household name like major cloud providers or established enterprise software companies.",5,"Astronomer is THE recognized leader in Apache Airflow and data orchestration, being the primary commercial sponsor and contributor to Apache Airflow. They are the definitive authority in workflow orchestration and data pipeline management, with deep expertise that's respected throughout the data engineering community.",5,"Data engineering is one of the highest-demand, highest-paying technical skills in North America, with median salaries exceeding $130K and strong job growth projected. Organizations desperately need professionals who can build and maintain data pipelines, making this a critical career-advancing skill in the data-driven economy.",12,Strong Candidate (Tier 2)
Atlassian,4,"Atlassian is widely recognized across technology and business sectors, particularly known for Jira, Confluence, and Trello which are used by millions of professionals globally. The company has strong brand awareness beyond just IT teams, extending to project management and collaboration use cases across industries.",4,"Atlassian is a leading authority in ITSM through their Jira Service Management platform, which competes directly with ServiceNow and other major ITSM solutions. They have deep expertise in service desk operations, incident management, and IT workflow automation, making them highly credible in this domain.",4,"ITSM skills are highly valuable in the North American job market, with strong demand across IT operations, DevOps, and digital transformation roles. These skills command solid salaries and are essential for career advancement in IT management, with growing importance as organizations digitize their service delivery.",12,Strong Candidate (Tier 2)
Autodesk,4,"Autodesk is a well-established software company known across multiple industries including architecture, engineering, construction, manufacturing, and media/entertainment. While not a household name like Microsoft or Google, it's widely recognized among professionals in design and engineering fields, with AutoCAD being synonymous with computer-aided design for decades.",5,"Autodesk is THE recognized leader in computer-aided design software, with AutoCAD being the industry standard for 2D and 3D design across architecture, engineering, and construction industries. The company literally created and continues to define the CAD software category, making them the ultimate authority in this domain.",4,"AutoCAD proficiency is a high-value technical skill that opens significant career opportunities in architecture, engineering, construction, and manufacturing sectors. It's often a required skill for many design and drafting positions, and certification can lead to specialized roles with competitive salaries in growing industries like construction and infrastructure development.",13,Strategic Priority (Tier 1)
CSCMP,2,"CSCMP (Council of Supply Chain Management Professionals) is primarily recognized within supply chain and logistics circles but has limited brand awareness among general business professionals. Most professionals outside of supply chain, procurement, and operations would not readily recognize the CSCMP brand name.",5,"CSCMP is THE definitive professional association for supply chain management, with over 8,500 members globally and considered the gold standard for supply chain education and certification. They are the recognized leader in supply chain professional development, making them the ideal authority to validate AI applications in this domain.",4,"This represents the intersection of two high-value career areas: AI/ML skills (critical for career advancement) and supply chain management (essential business function with strong job security). Supply chain professionals who can leverage AI tools will have significant competitive advantages in optimization, forecasting, and strategic decision-making.",11,Strong Candidate (Tier 2)
CSCMP (Council of Supply Chain Management Professionals),2,"CSCMP is primarily known within supply chain and logistics circles but has limited brand recognition among general business professionals. While it's a respected professional association, it lacks the household name status of major technology companies or widely-recognized business brands.",5,"CSCMP is THE premier professional association for supply chain management globally, with over 9,000 members and decades of industry leadership. They set standards, provide certifications, and are universally recognized as the authoritative voice in supply chain education and professional development.",4,"Supply chain management is a high-demand field with strong salary potential, especially post-pandemic as companies prioritize supply chain resilience. CRM skills within supply chain context are valuable for roles in procurement, vendor management, and supply chain analytics, with median salaries ranging from $70K-$120K+ in North America.",11,Strong Candidate (Tier 2)
Canonical,2,"Canonical is primarily known within technical circles as the company behind Ubuntu Linux, but has limited recognition among general business professionals. While Ubuntu is widely used in enterprise environments, the Canonical brand itself doesn't have mainstream professional awareness outside of IT and development communities.",5,"Canonical is THE definitive authority for Ubuntu Linux, being the creator and primary maintainer of the world's most popular desktop Linux distribution. They have unmatched expertise in Ubuntu specifically, with deep technical knowledge, enterprise support capabilities, and the official voice for Ubuntu development and best practices.",4,"Linux skills, particularly Ubuntu, are highly valuable in the North American job market for DevOps, system administration, cloud computing, and software development roles. With the continued growth of cloud infrastructure and containerization, Linux expertise commands premium salaries and opens doors to high-demand technical positions across multiple industries.",11,Strong Candidate (Tier 2)
Canva,4,"Canva is widely recognized across professional contexts as the leading easy-to-use design platform, with strong brand awareness among marketers, small business owners, and non-designers who need visual content. While not quite a household name like Microsoft or Google, it has achieved broad recognition beyond just design professionals.",4,"Canva has established itself as the definitive leader in democratized graphic design, revolutionizing how non-designers create professional visual content. They are frequently referenced as the standard for user-friendly design tools and have strong authority in the accessible design space, though traditional design professionals might still favor Adobe for advanced work.",3,"Visual content creation skills have steady demand across marketing, communications, and social media roles, with many professionals expected to create their own graphics. While valuable for enhancing job performance and opening opportunities in content-focused roles, it's more of a complementary skill rather than a primary career differentiator in most professional contexts.",11,Strong Candidate (Tier 2)
Chartered Institute of Personnel and Development (CIPD),2,"CIPD is primarily recognized within HR circles and is largely unknown to general professionals outside the human resources field. While well-established in the UK, it has limited brand recognition in the North American market compared to more universally known professional organizations.",4,"CIPD is highly respected within the HR profession as the UK's leading professional body for HR and people development. They set standards for HR practice, offer widely recognized qualifications, and are frequently referenced in HR literature and best practices, giving them strong authority in human resources fundamentals.",4,"HR foundations knowledge is highly valuable for career advancement, as HR skills are in strong demand across all industries and company sizes. Understanding HR fundamentals opens doors to people management roles, HR specialist positions, and is essential for leadership advancement in any field.",10,Strong Candidate (Tier 2)
ChurnZero,2,"ChurnZero is a specialized SaaS platform focused on customer success management, but has limited recognition outside of customer success professionals and SaaS industry circles. While they have a solid presence in the customer success software space, they are not a household name like Microsoft or Adobe, and most professionals outside of CS or SaaS wouldn't readily recognize the brand.",4,"ChurnZero is a well-established and respected platform specifically in the customer success management domain, offering comprehensive tools for customer health monitoring, onboarding, and retention. They are frequently referenced in customer success circles and compete directly with other leading CS platforms like Gainsight, making them a strong authority in this specific skill area.",4,"Customer success is a high-growth field in North America, especially in the SaaS industry, with strong salary potential and career advancement opportunities. CS roles are in high demand as companies prioritize customer retention and expansion, and foundational skills in this area can open doors to lucrative career paths in account management, customer experience, and revenue operations.",10,Strong Candidate (Tier 2)
Content Marketing Institute,2,"Content Marketing Institute is primarily known within marketing and content creation circles but lacks broad recognition among general business professionals. While they have a strong presence in the marketing industry through events like Content Marketing World, they don't have the household name status of companies like HubSpot or Google in the marketing space.",4,"CMI is highly respected specifically in content marketing and digital marketing education, being one of the pioneering organizations in content marketing thought leadership. They're frequently cited by marketing professionals and have established themselves as a go-to resource for content marketing best practices and industry research.",4,"Digital marketing skills are in high demand across virtually all industries, with strong job growth and competitive salaries. Marketing roles consistently appear on high-demand job lists, and digital marketing expertise opens doors to diverse career paths from specialist roles to CMO positions.",10,Strong Candidate (Tier 2)
Corporate Finance Institute,2,"Corporate Finance Institute (CFI) is primarily known within finance and accounting circles but has limited recognition among general business professionals. While they have built a solid reputation in financial education, they lack the broad brand awareness of major technology companies or household names.",4,CFI has established strong authority in corporate finance education and M&A training specifically. They are well-regarded by finance professionals for their comprehensive curriculum and practical approach to financial modeling and M&A analysis. Their content is frequently referenced by investment banking and corporate development professionals.,4,"M&A skills are highly valued in investment banking, corporate development, private equity, and consulting roles with significant salary premiums. These skills open doors to high-paying finance careers and are essential for senior corporate strategy positions, making this a strong career differentiator in competitive finance markets.",10,Strong Candidate (Tier 2)
Corporate Finance Institute (CFI),2,"CFI is primarily known within finance and accounting circles, particularly among professionals seeking specialized finance education and certifications. While they have built a solid reputation in the finance education space, they remain largely unknown to general business professionals outside of finance functions.",4,"CFI has established strong authority in corporate finance education with comprehensive curriculum, industry-recognized certifications, and partnerships with major financial institutions. They are frequently referenced as a leading provider of practical finance training and their FMVA certification is well-regarded in the industry.",4,"Corporate finance skills are highly valued across industries for roles in financial analysis, investment banking, corporate development, and general management. Strong corporate finance foundations can significantly enhance career advancement opportunities and command premium salaries in finance-adjacent roles.",10,Strong Candidate (Tier 2)
Cybrary,2,"Cybrary is primarily known within cybersecurity and IT professional circles but has limited recognition among general business professionals. While it has built a solid reputation in the cybersecurity training space, it lacks the household name recognition of major tech brands.",4,"Cybrary is highly respected within the cybersecurity education space and is frequently referenced as a leading platform for hands-on cybersecurity training. They have strong credibility specifically in penetration testing education, offering practical, industry-relevant content that's widely recognized by cybersecurity professionals.",5,"Penetration testing is a critical, high-demand cybersecurity skill with excellent career prospects in North America. Penetration testers command high salaries (often $80K-150K+) and the skill opens doors to specialized cybersecurity roles, consulting opportunities, and advancement into security leadership positions in an industry facing severe talent shortages.",11,Strong Candidate (Tier 2)
Databricks,3,"Databricks is well-recognized within data science, analytics, and AI/ML professional circles, but has limited name recognition outside of technical roles. While growing rapidly and backed by significant venture funding, it's not a household name like Microsoft or Google among general business professionals.",5,"Databricks is THE recognized leader in MLOps and unified analytics platforms, founded by the creators of Apache Spark. They pioneered the lakehouse architecture and are considered the gold standard for ML operations, with their platform being widely adopted by Fortune 500 companies for production ML workflows.",5,"MLOps is a critical, high-demand skill that commands premium salaries and opens significant career opportunities in the rapidly growing AI/ML field. Companies desperately need professionals who can operationalize machine learning models, making this one of the most career-advancing technical skills in the current market.",13,Strategic Priority (Tier 1)
Docker,3,"Docker is moderately recognized in professional contexts, particularly within technology and software development circles. While not a household name like Microsoft or Google, it's well-known among IT professionals, DevOps engineers, and software developers across various industries.",5,"Docker is THE recognized leader in containerization technology, having created and popularized the container ecosystem that revolutionized software deployment. The company literally defined the containerization space and remains the dominant platform, making them the ultimate authority in this domain.",4,"Docker/containerization skills are highly valued in the North American job market, opening opportunities in DevOps, cloud engineering, software development, and system administration roles. With most modern applications using containerization, this skill significantly enhances career prospects and salary potential in technology roles.",12,Strong Candidate (Tier 2)
Figma,4,"Figma is widely recognized across design, product, and tech industries as the leading collaborative design platform. While not a household name like Microsoft or Google, it's well-known among professionals in digital product development, startups, and enterprise teams who work with designers or design processes.",5,"Figma is THE recognized leader in collaborative design tools and has become synonymous with modern UX design workflows. The platform has fundamentally transformed how design teams work, making it the go-to tool for UX professionals, and Figma's expertise in design collaboration and user experience methodology is unquestioned in the industry.",4,"UX design skills are in high demand across North America with strong salary potential ($70k-$150k+ for UX roles). As digital transformation continues, companies increasingly value UX expertise for product development, making this a career-differentiating skill that opens opportunities across tech, finance, healthcare, and other industries.",13,Strategic Priority (Tier 1)
Franklin Covey,3,"Franklin Covey is moderately recognized in professional development circles, particularly known for ""The 7 Habits of Highly Effective People"" and corporate training programs. While not a household name like Microsoft or Google, they have solid brand recognition among professionals and managers who engage with productivity and leadership content.",4,"Franklin Covey has strong domain authority in time management and productivity, building on Stephen Covey's foundational work and decades of corporate training expertise. They are frequently referenced as a leading authority in personal effectiveness and time management methodologies, with established frameworks like time matrix and priority management that are widely adopted in professional settings.",3,"Time management is a solid foundational professional skill with steady demand across all industries and roles. While it doesn't differentiate candidates as much as technical skills like AI or data analysis, effective time management is valued by employers and contributes to professional success and advancement potential at all career levels.",10,Strong Candidate (Tier 2)
GitHub,4,"GitHub is widely recognized across the tech industry and increasingly known among non-technical professionals as the leading platform for code collaboration and project management. While not quite a household name like Microsoft or Google, it has strong brand recognition in professional contexts, especially given its Microsoft ownership and integration into enterprise workflows.",5,"GitHub is THE definitive authority in version control, code collaboration, and developer workflow management. As the world's largest code hosting platform with over 100 million developers, GitHub essentially defines industry standards for modern software development practices. Their domain expertise is unquestioned and universally accepted in the tech community.",4,"GitHub proficiency is increasingly essential for technical roles and valuable for project management, data analysis, and collaborative work across industries. As remote work and digital collaboration become standard, GitHub skills open doors to high-paying tech roles and demonstrate modern workflow competency. The skill directly impacts career advancement in the growing digital economy.",13,Strategic Priority (Tier 1)
Grammarly,4,"Grammarly is a well-known brand across multiple industries with widespread consumer and professional adoption. Millions of professionals use Grammarly daily for email, documents, and online communication, making it highly recognizable beyond just writing circles.",5,"Grammarly is THE recognized leader in digital writing assistance and business communication tools. They have established themselves as the definitive authority in professional writing technology, with their AI-powered writing assistant being the industry standard for grammar, clarity, and professional communication enhancement.",4,"Business writing is a high-value skill that opens career opportunities across all industries and roles. Strong written communication directly impacts professional advancement, leadership potential, and cross-functional collaboration, making it a critical differentiator in the modern workplace.",13,Strategic Priority (Tier 1)
Hootsuite,3,"Hootsuite is moderately recognized in professional contexts, particularly among marketing professionals and social media managers. While not a household name like Microsoft or Adobe, it has solid brand recognition within digital marketing circles and is frequently mentioned in marketing technology discussions.",4,"Hootsuite is a strong authority in social media management and marketing, being one of the pioneering platforms in social media scheduling and analytics. They're frequently referenced as a leading solution in the social media management space and have established themselves as a trusted brand for social media marketing education and certification.",3,"Social media marketing is a solid professional skill with steady demand across industries, as most companies need digital marketing capabilities. While valuable for marketing roles, content creation, and small business management, it's not as universally career-differentiating as technical skills like AI/ML or cloud computing.",10,Strong Candidate (Tier 2)
Intuit Mailchimp,4,"Mailchimp is a well-known brand across multiple industries, particularly recognized by small businesses, entrepreneurs, and marketing professionals. As part of Intuit's ecosystem, it benefits from association with widely-used business tools like QuickBooks and TurboTax.",5,"Mailchimp is THE recognized leader in email marketing platforms, especially for small to medium businesses. They pioneered user-friendly email marketing automation and remain the go-to platform that most marketing professionals learn on first, making them the definitive authority in this domain.",4,"Email marketing is a high-value skill that opens significant career opportunities in digital marketing, growth marketing, and marketing automation roles. With strong ROI metrics and universal business need, email marketing expertise commands good salaries and is essential for marketing career advancement.",13,Strategic Priority (Tier 1)
Jack Welch Management Institute,3,"The Jack Welch Management Institute has moderate recognition in professional contexts, particularly among MBA students and business professionals familiar with Jack Welch's legendary GE leadership legacy. While not a household name like major tech companies, it carries significant weight in business education circles and among management professionals who recognize the Welch brand authority.",4,"JWMI has strong authority in operations management, built on Jack Welch's renowned operational excellence at GE including Six Sigma methodology and lean manufacturing principles. The institute specifically focuses on practical management education and operational efficiency, making it highly credible in this domain with direct connection to proven operational leadership success.",4,"Operations management is a high-value skill that opens significant career opportunities across industries, from manufacturing to healthcare to technology. It's essential for middle management roles, plant management, supply chain leadership, and process improvement positions with strong salary potential and advancement prospects in North America's diverse industrial economy.",11,Strong Candidate (Tier 2)
JetBrains,3,"JetBrains is moderately recognized in professional contexts, particularly among software developers and technical professionals. While not a household name like Microsoft or Google, the company has solid brand recognition in the developer tools space through products like IntelliJ IDEA and PyCharm.",5,"JetBrains is THE recognized authority in Java development tools, being the creator of IntelliJ IDEA - the most popular Java IDE used by millions of developers worldwide. Their deep expertise in Java tooling, static analysis, and developer productivity makes them the definitive expert for Java education and certification.",4,"Java remains one of the most in-demand programming languages in North America with strong job market demand across enterprise, fintech, and web development sectors. Java skills consistently command competitive salaries and open doors to numerous career opportunities, particularly in backend development and enterprise software roles.",12,Strong Candidate (Tier 2)
KNIME,2,"KNIME is primarily known within data science and analytics circles but has limited recognition among general business professionals. While it has a dedicated user base in the data community, it lacks the household name status of major tech companies and is not widely recognized outside of technical roles.",4,"KNIME is highly respected within the data science community as a leading no-code/low-code analytics platform. It's frequently used by data scientists and analysts at major organizations, has strong academic partnerships, and is considered a legitimate alternative to tools like Alteryx and Tableau Prep for data workflow automation and analytics.",5,"Data science is one of the most career-advancing skills in the current market, with high demand across industries and strong salary potential. Data science roles consistently rank among the top jobs in North America, with significant opportunities for career advancement and specialization in AI/ML applications.",11,Strong Candidate (Tier 2)
Kong,2,"Kong is primarily known within the API management and cloud infrastructure space, with limited recognition outside of technical circles. While they have a strong presence in the developer and DevOps community, most general business professionals would not recognize the Kong brand.",4,"Kong is highly respected in the API gateway and microservices ecosystem, with their open-source Kong Gateway being widely adopted by enterprises. They are frequently referenced as a leader in API management and service mesh solutions, making them a strong authority specifically in microservices architecture and implementation.",4,"Microservices architecture is a high-demand skill in the North American tech job market, essential for modern cloud-native development and digital transformation initiatives. This skill significantly enhances career prospects for software engineers, solutions architects, and DevOps professionals, with strong salary premiums in enterprise environments.",10,Strong Candidate (Tier 2)
LambdaTest,2,"LambdaTest is a specialized cloud-based testing platform that is primarily known within software development and QA circles. While they have grown significantly in the tech industry, they remain largely unknown to general business professionals outside of software development and testing domains.",4,"LambdaTest has established strong authority in the software testing space, particularly for cross-browser and mobile testing. They are frequently referenced in QA communities, have partnerships with major development tools, and are recognized as a leading cloud testing platform by software testing professionals.",4,"Software testing skills are highly valuable in the North American job market, with consistent demand across industries as companies prioritize software quality. QA professionals with modern testing skills can command competitive salaries and have clear advancement paths into senior QA, automation, and DevOps roles.",10,Strong Candidate (Tier 2)
LinkedIn Learning,5,"LinkedIn is a household name and universally recognized professional platform with over 1 billion members globally. The LinkedIn brand carries exceptional recognition across all industries and professional contexts, making it one of the most trusted names in professional development and networking.",5,"LinkedIn is THE recognized authority in talent acquisition and recruiting, owning both the platform where most professional recruiting happens and the tools (LinkedIn Recruiter) that define modern talent acquisition practices. No other organization has comparable domain expertise in this specific skill area.",5,"Talent acquisition and recruiting skills, especially combined with AI proficiency, are critical career-advancing capabilities in today's job market. With AI transforming recruiting practices and strong demand for skilled talent acquisition professionals, this certification directly opens high-value career opportunities in a growing field.",15,Strategic Priority (Tier 1)
Microsoft,5,"Microsoft is a household name and universally recognized brand across all industries and professional contexts. As one of the world's largest technology companies with products used by billions globally (Windows, Office 365, Teams), Microsoft has universal brand recognition that extends far beyond tech circles into every professional environment.",5,"Microsoft is THE recognized leader in enterprise AI with Azure AI, Copilot integration across Office products, and OpenAI partnership. They are actively defining how AI transforms management and business operations through their enterprise AI solutions, making them the definitive authority on AI for management applications.",5,"AI literacy for managers is a critical career-advancing skill as organizations undergo AI transformation. Managers who understand how to leverage AI tools, lead AI-enabled teams, and make strategic AI decisions will have significant competitive advantages in advancement and salary potential across all industries.",15,Strategic Priority (Tier 1)
Microsoft and LinkedIn,5,"Both Microsoft and LinkedIn are household names with universal recognition across all professional industries. Microsoft is one of the world's largest technology companies, and LinkedIn is the dominant professional networking platform with 1+ billion members globally.",5,"Microsoft is a leader in AI development (Azure AI, Copilot, OpenAI partnership) and LinkedIn has unique insights into workforce trends and professional skills evolution. Together, they represent the perfect authority on how AI impacts human skills and professional development in the modern workplace.",5,"Human skills (emotional intelligence, critical thinking, communication, adaptability) are becoming increasingly critical as AI automates technical tasks. Professionals who can effectively collaborate with AI while leveraging uniquely human capabilities will have significant competitive advantages across all industries and career levels.",15,Strategic Priority (Tier 1)
Moz,3,"Moz is moderately recognized in professional contexts, particularly within digital marketing and web development circles. While not a household name like Google or Microsoft, it has solid brand awareness among marketing professionals and business owners who understand the importance of online visibility.",5,"Moz is THE recognized leader in SEO education and tooling, having pioneered many foundational SEO concepts and metrics (Domain Authority, Page Authority). They are universally respected as the go-to authority for SEO best practices, with their blog, tools, and educational content being industry standards that other SEO professionals reference consistently.",4,"SEO skills are highly valuable in North America's digital economy, with strong demand across marketing roles, e-commerce, content strategy, and digital agencies. Professionals with proven SEO expertise command premium salaries and have opportunities for career advancement in the rapidly growing digital marketing sector.",12,Strong Candidate (Tier 2)
Mozilla,3,"Mozilla is moderately recognized in professional contexts, primarily known for the Firefox browser and open-source advocacy. While not a household name like Google or Microsoft, it has solid brand recognition among tech professionals and is respected for its contributions to web standards and developer tools.",5,"Mozilla is THE recognized authority in JavaScript and web standards, having created and maintained JavaScript through their involvement with ECMAScript standards. As creators of Firefox and key contributors to web technologies, they have unparalleled credibility in JavaScript foundations and web development fundamentals.",5,"JavaScript is a critical career-advancing skill that opens numerous opportunities in web development, full-stack development, and increasingly mobile and desktop applications. With the highest demand among programming languages and strong salary potential, JavaScript proficiency is essential for modern software development careers.",13,Strategic Priority (Tier 1)
OpenEDG C++ Institute,2,"OpenEDG C++ Institute is primarily known within programming education circles and among C++ developers, but lacks broad recognition among general business professionals. While they have established credibility in programming certification, they are not a household name like major tech companies.",4,"OpenEDG C++ Institute has strong domain authority specifically in C++ education and certification, being one of the recognized bodies for C++ programming credentials. They have developed comprehensive certification programs and are respected within the C++ developer community for their technical rigor and curriculum standards.",4,"C++ programming is a high-value technical skill that opens significant career opportunities in software development, game development, systems programming, and embedded systems. C++ developers typically command higher salaries than many other programming languages, and the skill is particularly valued in performance-critical applications and enterprise software development.",10,Strong Candidate (Tier 2)
OpenEDG Python Institute,2,"OpenEDG Python Institute is primarily known within programming education circles but lacks widespread recognition among general business professionals. While they have established credibility in Python certification, they don't have the household name status of major tech companies.",4,"OpenEDG Python Institute is highly respected specifically for Python programming education and certification, offering industry-recognized credentials like PCAP and PCPP certifications. They are considered a leading authority in Python training with structured curriculum and assessment programs widely accepted in the programming community.",5,"Python programming is a critical career-advancing skill with extremely high demand across data science, AI/ML, web development, automation, and software engineering roles. Python skills directly translate to higher salaries and open doors to high-growth technology careers in North America.",11,Strong Candidate (Tier 2)
PagerDuty,3,"PagerDuty is moderately recognized within the tech industry, particularly among engineering teams and IT operations professionals. While not a household name like Microsoft or Google, it has solid brand awareness in professional contexts where incident management and on-call practices are discussed.",5,"PagerDuty is THE recognized leader in incident management and on-call orchestration, which are core components of DevOps practices. They essentially created and defined the modern incident response category, and their platform is used by major tech companies worldwide for DevOps operations and reliability engineering.",5,"DevOps skills are critical for career advancement in technology, with consistently high demand and competitive salaries across North America. DevOps engineers command premium salaries ($90K-$180K+) and the skill set opens doors to roles in cloud architecture, site reliability engineering, and technical leadership positions.",13,Strategic Priority (Tier 1)
Procore,2,"Procore is well-known within the construction industry but has limited recognition outside this vertical. Most professionals in other industries would not recognize the brand, though it's a dominant player in construction technology with over 13,000 customers globally.",5,"Procore is THE recognized leader in construction management software, used by the majority of large construction companies in North America. They are considered the gold standard for construction project management platforms and have deep industry expertise built over 20+ years.",3,"Construction management skills provide solid career prospects within the construction industry, which is growing due to infrastructure investment. However, the skill is highly industry-specific with limited transferability to other sectors, making it valuable but not broadly career-differentiating.",10,Strong Candidate (Tier 2)
Python Software Foundation,3,"The Python Software Foundation is moderately recognized in professional contexts, primarily within tech and data science circles. While Python as a programming language is universally known among technical professionals, the PSF itself has limited brand recognition outside of developer communities.",5,"The Python Software Foundation is THE definitive authority for Python programming, being the official steward of the Python language. They maintain the language specification, oversee development, and are universally recognized as the ultimate source of Python expertise and standards.",5,"Python is a critical career-advancing skill with exceptional market demand across data science, AI/ML, web development, and automation roles. Python developers command high salaries and the skill opens doors to some of the fastest-growing and highest-paying career paths in technology.",13,Strategic Priority (Tier 1)
SS&C Blue Prism,2,"SS&C Blue Prism is primarily known within specialized tech and enterprise automation circles, but lacks broad recognition among general business professionals. While SS&C has stronger financial services recognition, the Blue Prism brand is largely confined to RPA practitioners and enterprise IT departments.",4,"Blue Prism is one of the ""Big Three"" RPA vendors alongside UiPath and Automation Anywhere, with strong enterprise adoption and a comprehensive RPA platform. They pioneered many RPA concepts and maintain significant market share in enterprise RPA deployments, making them a legitimate authority in this specific domain.",3,"RPA skills provide solid career value in business process optimization, IT operations, and digital transformation roles, with steady demand across industries. However, the market has matured beyond its initial hype cycle, and AI/ML automation is increasingly competing with traditional RPA approaches, limiting its long-term career differentiation potential.",9,Tactical Partnership (Tier 3)
ServiceNow,3,"ServiceNow is moderately recognized in professional contexts, particularly within IT and enterprise technology circles. While not a household name like Microsoft or Google, it's well-known among IT professionals, CIOs, and enterprise technology decision-makers as a leading cloud platform for digital workflows.",4,"ServiceNow has strong authority in IT service management and digital workflow automation, making them highly credible for IT leadership content. As a major enterprise platform provider, they understand the operational challenges IT leaders face and have deep expertise in IT governance, service delivery, and organizational transformation.",4,"IT leadership skills are high-value in North America's job market, with strong demand for IT managers, directors, and VPs who can bridge technical and business domains. These skills open significant career advancement opportunities with substantial salary premiums, as organizations increasingly need leaders who can drive digital transformation initiatives.",11,Strong Candidate (Tier 2)
Toastmasters International,3,"Toastmasters International is moderately recognized in professional contexts, particularly among professionals who have participated in corporate training or professional development programs. While not a household name like Microsoft or Google, it has strong recognition among HR professionals, managers, and individuals focused on leadership development.",5,"Toastmasters International is THE recognized global authority in public speaking and communication skills training, with nearly 100 years of history and 16,000+ clubs worldwide. They are universally acknowledged as the gold standard for public speaking development, with their structured programs and methodologies being the industry benchmark that other communication training organizations emulate.",4,"Public speaking skills are a high-value competency that significantly opens career opportunities across virtually all industries and roles. Strong communication and presentation abilities are consistently ranked among the top skills desired by employers, directly impacting leadership potential, promotion prospects, and salary advancement, especially in management and client-facing positions.",12,Strong Candidate (Tier 2)
Twilio,3,Twilio is well-known within the tech industry and among developers but has limited recognition among general business professionals. It's a respected name in the SaaS/API space but not a household brand like Microsoft or Google.,5,"Twilio is THE leader in programmable communications APIs, essentially creating and dominating the CPaaS (Communications Platform as a Service) market. They are the go-to solution for developers implementing messaging, voice, and video communications features.",3,"Programmable messaging and voice skills are valuable for developers and technical roles, particularly in companies building customer engagement platforms. While it's a solid professional skill with steady demand in the developer market, it's quite specialized and mainly relevant for software development roles rather than broader career advancement.",11,Strong Candidate (Tier 2)
UserTesting,2,"UserTesting is primarily known within UX/product design circles and tech companies but has limited recognition among general business professionals outside the design and product management space. While they have strong presence in their niche, they lack the broader brand awareness of household tech names.",4,"UserTesting is a highly respected leader in the UX research and user testing space, with their platform being widely used by major tech companies and design teams. They are frequently referenced as a go-to solution for user research and have strong credibility among UX professionals and researchers.",4,"UX Research is a high-value skill that opens significant career opportunities in North America's tech-driven economy. With digital transformation accelerating across industries, UX research skills are in strong demand for product roles, with competitive salaries and clear advancement paths in product management and design leadership.",10,Strong Candidate (Tier 2)
Weaviate,2,"Weaviate is a specialized AI/ML infrastructure company known primarily within the tech and data science communities. While they have growing recognition in the vector database space, they remain largely unknown to general business professionals outside of AI/ML and data engineering circles.",4,Weaviate is a leading open-source vector database company and one of the most prominent players in this specific domain. They are frequently referenced in AI/ML technical discussions and have strong credibility among data scientists and ML engineers working with vector embeddings and semantic search applications.,4,"Vector databases are becoming critical infrastructure for AI applications, RAG systems, and semantic search. As companies implement more AI solutions, professionals with vector database skills are in high demand, particularly in data engineering, ML engineering, and AI development roles with strong salary premiums.",10,Strong Candidate (Tier 2)
Wolfram Research,2,"Wolfram Research is primarily known within technical, academic, and research circles for Mathematica and Wolfram Alpha, but has limited recognition among general business professionals. Most professionals outside of STEM fields would not recognize the brand, despite its strong reputation in computational software.",5,"Wolfram Research is THE recognized authority in computational mathematics and statistical computing, with Mathematica being the gold standard for mathematical modeling and analysis. Their expertise in statistical foundations and mathematical computation is unparalleled, making them the ideal partner for this specific skill area.",5,"Machine learning statistical foundations is a critical career-advancing skill in the current job market, with extremely high demand across data science, AI/ML engineering, and quantitative analysis roles. This foundational knowledge commands premium salaries ($120K-$200K+) and opens doors to high-growth technology careers.",12,Strong Candidate (Tier 2)
Xero,2,"Xero is a well-known brand within the accounting and small business software space, particularly popular among SMBs and accounting professionals. However, it lacks the universal recognition of household names like QuickBooks/Intuit in the North American market, where it faces stronger competition from established players.",4,"Xero is highly respected as a leading cloud-based accounting software provider, known for innovation and user-friendly design. It's frequently referenced by accounting professionals and has strong credibility in modern accounting practices, though QuickBooks still dominates market share in North America.",4,"Accounting skills represent high-value professional capabilities with strong job market demand across all industries. Accounting expertise opens significant career opportunities in finance, auditing, tax preparation, and business analysis, with solid salary potential and advancement prospects.",10,Strong Candidate (Tier 2)
Zendesk,3,"Zendesk is moderately recognized in professional contexts, particularly among customer service and support teams. While not a household name like Microsoft or Google, it's well-known in business circles and has established itself as a leading customer service platform with strong brand awareness in SaaS and tech industries.",4,"Zendesk has strong authority in the customer service and support domain, being one of the leading cloud-based customer service platforms globally. They are frequently referenced as an industry leader in customer experience and support ticketing systems, with deep expertise in customer service best practices and workflows.",3,"Customer service skills provide solid professional value with steady demand across industries, as every business needs customer support capabilities. While not as career-differentiating as technical skills like AI or cloud computing, strong customer service expertise can lead to team lead, manager, and customer success roles with decent advancement potential.",10,Strong Candidate (Tier 2)
Zscaler,3,"Zscaler is moderately recognized in professional contexts, particularly within IT and cybersecurity circles. While not a household name like Microsoft or Google, it's well-known among enterprise technology professionals and has strong brand presence in the cloud security space.",5,"Zscaler is THE recognized leader in Zero Trust Network Access (ZTNA) and cloud-native security architecture. As a pioneer and market leader in Secure Access Service Edge (SASE) and cloud security transformation, they have unparalleled authority in modern security architecture approaches.",5,"Security architecture is a critical career-advancing skill with explosive demand in North America. Cybersecurity professionals, especially those with architecture expertise, command premium salaries ($120K-200K+) and have extensive career advancement opportunities across all industries requiring digital transformation.",13,Strategic Priority (Tier 1)
